<?xml version="1.0" encoding="UTF-8"?><rss version="2.0"
	xmlns:content="http://purl.org/rss/1.0/modules/content/"
	xmlns:wfw="http://wellformedweb.org/CommentAPI/"
	xmlns:dc="http://purl.org/dc/elements/1.1/"
	xmlns:atom="http://www.w3.org/2005/Atom"
	xmlns:sy="http://purl.org/rss/1.0/modules/syndication/"
	xmlns:slash="http://purl.org/rss/1.0/modules/slash/"
	>

<channel>
	<title>Lưu trữ Uncategorized - Hot Beauty News</title>
	<atom:link href="http://https://github.com/vothuha25/ha.github.io.git/category/uncategorized/feed/" rel="self" type="application/rss+xml" />
	<link>http://https://github.com/vothuha25/ha.github.io.git/category/uncategorized/</link>
	<description>Update the latest news of famous actors and singers</description>
	<lastBuildDate>Wed, 08 Feb 2023 17:09:27 +0000</lastBuildDate>
	<language>vi</language>
	<sy:updatePeriod>
	hourly	</sy:updatePeriod>
	<sy:updateFrequency>
	1	</sy:updateFrequency>
	<generator>https://wordpress.org/?v=6.1.1</generator>
	<item>
		<title>Hello world!</title>
		<link>http://https://github.com/vothuha25/ha.github.io.git/2023/02/08/hello-world/</link>
					<comments>http://https://github.com/vothuha25/ha.github.io.git/2023/02/08/hello-world/#comments</comments>
		
		<dc:creator><![CDATA[hotbeautynews]]></dc:creator>
		<pubDate>Wed, 08 Feb 2023 17:09:27 +0000</pubDate>
				<category><![CDATA[Uncategorized]]></category>
		<guid isPermaLink="false">http://https://github.com/vothuha25/ha.github.io.git/?p=1</guid>

					<description><![CDATA[<p>Welcome to WordPress. This is your first post. Edit or delete it, then start writing!</p>
<p>Bài viết <a rel="nofollow" href="http://https://github.com/vothuha25/ha.github.io.git/2023/02/08/hello-world/">Hello world!</a> đã xuất hiện đầu tiên vào ngày <a rel="nofollow" href="http://https://github.com/vothuha25/ha.github.io.git/">Hot Beauty News</a>.</p>
]]></description>
										<content:encoded><![CDATA[
<p>Welcome to WordPress. This is your first post. Edit or delete it, then start writing!</p>
<p>Bài viết <a rel="nofollow" href="http://https://github.com/vothuha25/ha.github.io.git/2023/02/08/hello-world/">Hello world!</a> đã xuất hiện đầu tiên vào ngày <a rel="nofollow" href="http://https://github.com/vothuha25/ha.github.io.git/">Hot Beauty News</a>.</p>
]]></content:encoded>
					
					<wfw:commentRss>http://https://github.com/vothuha25/ha.github.io.git/2023/02/08/hello-world/feed/</wfw:commentRss>
			<slash:comments>1</slash:comments>
		
		
			</item>
	</channel>
</rss>
