<?xml version="1.0" encoding="UTF-8"?><rss version="2.0"
	xmlns:content="http://purl.org/rss/1.0/modules/content/"
	xmlns:dc="http://purl.org/dc/elements/1.1/"
	xmlns:atom="http://www.w3.org/2005/Atom"
	xmlns:sy="http://purl.org/rss/1.0/modules/syndication/"
	
	>
<channel>
	<title>
	Các phản hồi luận về: Sample Page	</title>
	<atom:link href="http://https://github.com/vothuha25/ha.github.io.git/sample-page/feed/" rel="self" type="application/rss+xml" />
	<link>http://https://github.com/vothuha25/ha.github.io.git/sample-page/</link>
	<description>Update the latest news of famous actors and singers</description>
	<lastBuildDate>Wed, 08 Feb 2023 17:09:27 +0000</lastBuildDate>
	<sy:updatePeriod>
	hourly	</sy:updatePeriod>
	<sy:updateFrequency>
	1	</sy:updateFrequency>
	<generator>https://wordpress.org/?v=6.1.1</generator>
</channel>
</rss>
